,temperature,nausea,lumbar_pain,urine_pushing,micturition_pains,urethra_burning,inflammation,nephritis
temperature,1.0,0.5931515085420982,0.3919712756251516,-0.0188662055903372,0.060492648566538194,0.03724543563270129,-0.23671803193023183,0.7370552909444175
nausea,0.5931515085420982,1.0,0.4771053482657665,-0.013764654253089176,0.5740070341439956,-0.12174412335057498,0.18462973568566046,0.6679474875720741
lumbar_pain,0.3919712756251516,0.4771053482657665,1.0,-0.23904572186687878,-0.1831421933735875,0.02857142857142851,-0.5212508580632871,0.7142857142857146
urine_pushing,-0.0188662055903372,-0.013764654253089176,-0.23904572186687878,1.0,0.34181575528124475,0.5976143046671977,0.6954182607446031,0.23904572186687903
micturition_pains,0.060492648566538194,0.5740070341439956,-0.1831421933735875,0.34181575528124475,1.0,0.14933132690461756,0.6665740483467626,0.14933132690461765
urethra_burning,0.03724543563270129,-0.12174412335057498,0.02857142857142851,0.5976143046671977,0.14933132690461756,1.0,0.14933132690461742,0.31428571428571406
inflammation,-0.23671803193023183,0.18462973568566046,-0.5212508580632871,0.6954182607446031,0.6665740483467626,0.14933132690461742,1.0,-0.18877733778508296
nephritis,0.7370552909444175,0.6679474875720741,0.7142857142857146,0.23904572186687903,0.14933132690461765,0.31428571428571406,-0.18877733778508296,1.0
